{
  "maze": "the_ville",
  "x": 3553.333333333302,
  "y": 1656.0000000000048
}